spotifyId	isrc
01qMqTMNQAqtJ8nGt9oEaq	QMBZ91675727
02HWqOBMcldc6MZy3SoRDS	QZES51958657
02JAdZeeGA3165uNGFoiFr	QZES51958658
02nnSKmcAelEbzguQSX1jW	CA5KR2586906
02vb7wBEKwL6ibjUyYxvBY	USC5R1300008
03ljGZboZo34xcwaUNkc6a	QZB4J1837619
03whAsf2DCy6EkQekJPJqn	QZES71922199
05sevcIzKImaNHrRfDFWtg	DEVF42000034
05wFRQ0QYutgyPVrj9QU3Z	UKXN22288239
06QyD3Yh2db8f2tsbTHocX	SEYOK2501442
06pZ8jEbIlXWlU6GnVBWDd	QM4TW1834421
07LRjvNrvSE311BWlwRptq	QZHN31910110
07UW56OMTzZYGpciYhLZb1	QMEU31913733
08YMPTBfcyq56GNDYHoeQd	TCAGO2280943
09Cf3pe89isUsPxV0SObvc	GBLFP2314287
09NJ8LIR422tmHON3caQlu	QZWFN2366918
09ajmf1iCyjIJHz8fEadGF	SE6XW2428257
0B3IwrYdKQGZ9WP468tnks	QZZ7K2562852
0CcqgXBmF00S9AlhZbmz0g	FRR642401838
0DYTtoCf6xNbJOOUNBXLJk	QZK6K2538501
0DlOoA8EEEixKMqOJStJfM	QZES61891556
0ECf6YrheBrgqZpnFpuE1r	GX5MX2214551
0FQ7qRTWq1UCco2Vt8IdFM	uscgh2254747
0GGeFcMvit4wyywHQj7Bp7	SEYOK1869366
0IZ2AjfMGElgNbzAYE7VSY	QZJCP2300123
0IoJb2Dk0sT6yHULNvglGo	QZFZ72002862
0J4oMnXD7av5VJitZKx3VP	QZFYZ2279290
0J7oHYxjF6Oln61wy0kP2i	QM42K1876139
0KFjsUcmf77wPmejynTDjL	QZK6H2029947
0L335f1ekeLzz9m1NLr3Ju	QZFYZ1954248
0LiXd8DgPozcJVQq3QceEh	QZ92X1801114
0LtOwyZoSNZKJWHqjzADpW	AUUM71200493
0M11MdOLbUyEVJkK20JhBz	GB6TW2000155
0N1CiuqSqVpxcjSHL0V70l	QMFMF2012365
0OQl1sRCzzN1yWuCU3MbBd	QZAKB2439167
0OqRq5RlhDigWaL6egKw4m	QZHNB2092162
0P7xSUNfmpbwvz4FiQ0qS9	TCAGM2248759
0PEPURKnpEXbVpZ4HpLFGm	QZ5FN2313838
0PTtvb2693IfmfXCOjT1rp	NLX5D1800003
0TeybZKbODYrRTYMTNkTHb	DED621900003
0Tri99L5bbyEXOuFqDPKSv	USL4Q2483762
0U0ldCRmgCqhVvD6ksG63j	FRS710900410
0U9XBqriyjpw44A2FyiBAp	FR10S1898367
0UcNeoSo5nNejsxqbZ5Coi	QZN882209759
0VN0iM7Grul8phALocsDXi	QMBZ92512461
0W9WkxdOzleQ8FqPiW88Dy	QZHNA2448122
0WC0j1iLJRkb6P041h4jiU	USQY51728446
0X9vam6YsS5xJk4ohc2LCJ	QZCE61876956
0XGOz64pn3NWBHJie7HhpI	ushm91908927
0XMrWmqFh1FqR1y0JI1R2Y	GBLFP1140152
0XydkCEgTTqUqbPxrPcNbf	DEZ651364858
0ZFnnVw8hu5KphehBnhOzX	ITFRN1800103
0ZYOc30aTbSaI4C1KBSapM	QZ5FN2053077
0ZmuO5zZ7OwmTADuq0sWMt	GB9GM1900072
0ZpuSJcdhoseJDw2pNcVPt	QZTB22537565
0aGJufUSgx0uRNS6QXqU9W	QT6F82595963
0b0YRFlIUsK7VjngVbQtHs	TCAIP2497815
0cVlM1xEkbRr77t75fkYZo	GBKPL1412573
0cYUfSFxY55Ppzf6ylU1gM	CAAA11308703
0dkcgfDD0KsHixIKxWcxm9	usdy42367989
0emZkiOfUEW2rMw2Mhim4L	SEYOK1772406
0eu81cPiwV8FGypHqZyEx5	USA2P2133527
0fU6h9LaC0nZTUz3Ha0ToT	GBKQU2079181
0gWjkSj7SBiCcbq9R4oSJI	QZ4K31600252
0ijpZfPsdF1Of4N0h6xxfa	QZMER2438148
0imfLSww0lf0u4dWePyR0p	SEYOK1908656
0j3RdlJc5uiiAdTjxo7vqc	SEYOK1908657
0jgPhsoWXxS9amxwJZkoCo	DEL630405002
0kdeeOs4cL5GZAK0dhzv3N	CAAA11308706
0klHB6h2pbaCGmxzg2prvj	GB9TP1501929
0kw6NU8Q9NYD8W4VaSeB4A	DEZ901300635
0lpVseQIlmdJyoWUNLHkpV	QM6N22190966
0nR7g3MHiGzxUg3fg0pOQU	usl4r2007742
0no2CncFRuAEniGsQwQwA7	GBRKQ2109342
0nrnsitY0PL2tSh9iIqEVb	usdy42361652
0o9ReYQQNZ5JxHjwW45goX	FR96X1693322
0ocImbYiDNIiayVE2nE6PA	QZMHM2000292
0ol8BKxwHSch3hloQs0keU	DED621900002
0prarPTFil0Q1Uz5Wueumn	FRX452466057
0rilXUdXdMPy18roUoXbyd	FR10S1806663
0roPQXULgG8LepwdLzIjS6	GBSMU7565735
0sIUkxFAn7ZLwciE5x8X3i	QM6P42552590
0sMra9TqwOskuvn4eR11n3	AEA0D1846144
0tCUSCDBbBnuxgUpDezMOd	QZTAZ2436778
0twUVShfM3j3Y1ysSGA8Sz	GBER71800170
0uMZbmAAgOhdMrv25iPEH6	USCGH1585915
0ugCpct5m3cGxvguhFjPMJ	FR10S2589249
0vWIi0SzDTeHZ6EqOpJwKx	DEWG82500146
0vbzCAHPZYJ7XLCkvB8Owx	uscgh1909782
0xowzsJLAzo53PVcxBFwvh	CAAA11106804
0xsnSpmJYaO3QuuLNeg0w8	QZK6G2128375
0yBSJStbvU5UAw8FpWFZlB	TCADW1883892
0yy6TnOGxDRJ4kdG5hV0i1	GBMJG2510506
0zILzTgNI7TVsv6juyTZkx	QZDA41991394
0zsbjavyPf2EGnur4xUUJ6	USQY51782702
109rpPw9mmFN1KhQ38zyt0	QZFP52051599
10rQtOwXrmW8008vFEknVm	QZTAT2368935
10sIgVRVjYRLNrjEg1WWoK	QM4TW2566527
11wMfHsceksu8GAIugQMA9	GX7TZ2400006
12Hi5LrmUhQj4oy5VbiOY6	CAXS11800002
12oxsGACfwMozi4nK9noGQ	GBUM71001709
13YWhpzZRhd5qTJ5r5R112	QZNWS2165447
15mSOrR27dZekgFeyNG24h	TCADK1737488
15njV7JWS4Mg9GpJFJ6n3X	RUA3R1825010
15uq77MdhAjrnBuumngIsz	GX8LD2394853
168VQBV7wu8JzF04DnH54B	US57M2125101
17ESn0oRLjI7xtSLkBgTXA	GX38U2329485
17J2XCuH6INjpHDaxqFT3L	TCAIS2432256
1BsW6UuvJasJfeH5QVM6KG	QZNWR2011246
1D2xiLb7zvrR9n0DQv5Izw	TCAGI2264551
1E6AyRgbhDllNzYQXeS4iL	QZS632178913
1FNvYGq8N1alQ8MVvgvXfa	ESA011618800
1Gfk7hAajjSwH5KU0CAJUr	QZES52404671
1HEqEOPYhZVleLZI0xKEJM	SE4DR1700604
1HbVuTva4QOYMatx11qyKt	uscgh2254749
1Hkq3pCLvHCCOGZxcKit4c	QMFMG2512145
1IPHnu3hVkawJMzkP97tcm	FRX762339696
1JeLLdviGvhLvAXdz4QoX0	USMTD1101273
1JriIMBToDwAdIrkTfcP9L	QZTBA2381562
1KsDx0jzpXVr97vvSKzNfz	USQY51728443
1KtWT0AST1vwpPzxmagwJC	QT6F22506793
1MhfdaC9b1cV5CWvVkbpeP	BEHI41800003
1MkHsdP6Jx1XMsoBoCEyLH	FRR642401966
1NLfZKsaPrevELK2n763BN	NOAPI1794508
1P1u2H8BTKaKTRhsQAwFH4	FR10S1898363
1PZeAjfBkRX2J7bN5o1KQ1	QM6XS1704794
1Pbrr5WOCfS0FenfzIws6h	QZWFQ2382109
1QnvDYdKbbscC5csdBpXNJ	QZFYX2179875
1Qwn6WfqTRs3qo7Xi3zV9v	GBSMU8849323
1QylvMBAhhwxKwWmO302Dk	DGA072410057
1SEb1lg5tWZFZgwPfhVbI0	USWB12300123
1SmzWkRXC4WWTDDI6Fc87H	QZJRB1943853
1TDJSbzuAIAFQy2K7EBm7m	QZTB82313288
1Uf2vkNstkY387DWTF1Zes	USQY51728445
1XRjoBUqlJXrSJIaUAiaVx	uscgh1909778
1XbmMhFJdqMtr0IGXgFltE	CAAA11308710
1Xtfti2aXLBlt9JwQOqEFP	USQY51728448
1YFP226yABQ80vgdXn7c9t	QZHN81942390
1YXV3fSpNgxXSfhsEgRmtb	RUA1D2328942
1YYsaRnZahOhjOfz0Knu7X	QZTBC2341383
1b118DnoPiZ6PCMNVBBVHF	DGA052428725
1cyRoWGazsa8Vr5qlDfvPP	TCACG1598319
1f8APpg5kGRAJHp5QA8mAU	SEYOK2104162
1fDxGv7LxeN2YLJcGBBoHM	SEYOK1545865
1g7958WIojFIzgGyQDpUuA	DEZ901301164
1hH2r9WyIaL8bMFTJHbJ4n	USC5R1300011
1iQ4jOBCbMl1H9OfePWCmy	ITFRN1800088
1ipJe9ClZ0kqCHO4MsI7he	QZZ7Q2515137
1lakuMkoMJYkdpQYz5HqJ1	QZFZ72554755
1lcN9bYzlupUCFgnosVZWT	NLUL62000008
1mC62RFZxV202fjRzifTKX	uscgh1909777
1ocsDO8p3X5EieKAD2LLdt	GB9GM1900073
1ovJYRPChNMkXG0fsa4FLM	QZ4K31600121
1pQ1YN7h8tTZ7UODi1pM4b	QZNWY2171486
1pRLh21WLYZh8v7UXo7ezN	ITFRN1800223
1plATFLdJBkx5IlJiwLY71	uscgh2322236
1r3Yn5CuNvO4RissOzTnXK	QZ4K31600085
1rUifeV9j3mKHrQNJRej6Z	QZMEN2112624
1sE8HwpATegVQ02K3gCfji	CAAA11106802
1tWNeEaG1eDUYgX6Pilx09	DED621900006
1uGKGhjWH5Zitg43N3YwqS	GBLFP2311821
1uQUx19MEmhEzQdVlZvtkw	QZFP52051642
1ulgvmJX4L5kNky7tjPlJ8	FRX281961386
1vfSx6JMQSMOl8vnforRWu	QZFZ72001333
1vhGYsVVaFYQ76HwWxMopd	USLZJ2062433
1vsHGo8k76j1yKovF97wu7	RUB421801118
1wQL1hqKJNlOZr5vVgIytr	GBCEL1200174
1xDMtqvalYvlMTqcxqPHlz	QZDA51981156
1yB4bs3ohUbcm74jVKTvme	QM24S2401349
1yrSRBixSBiXlQt1uZ5ZwV	DEZ901200767
1z2coZo2ZlJZDfnGT6LzlX	TCAFR2138329
1zjM0yzhtbRRwj5rD897fY	QZHNA2381749
1zkQJfNo2KpqqCKOOvWPF4	GBAAA8500023
20DaT6CSwADT6Lzr46EXPO	FR2X41601646
20OhwxJn6uNHeOfpPe0ubD	FR9W10805818
20aN0oRsmJZQayvNxNYnHr	GBKPL2141110
20iZU6hg9ML8jdrrBUfcHg	QZTBE2582003
21sClcYOv17b2EthaVR2Vs	QMJPJ2100038
22AaeE45tRw4vms3WjOSNa	SEYOK2222714
23TPo7l1LaJO6Ogy1EH1dq	TCAHE2345995
24Y322R7EHqJBpDe2v9X44	QZK6F2411593
260mlY4e2IRddh9yik2juw	CAAA11106808
264WrXwtcsidUulobgoSox	QZMEV2163817
26xFRicaiIbKT28TUc8GRJ	US57M2437801
27DPhHOrm1675Ilbn6jTya	QZK6J2160201
27yi2am4xFnmWrUs5CzHXH	QZWFE2425388
28Eeiq05meRMWEC3IqxwdS	GX5MX2184010
28KF83Qxd3raEAEjG1Rj0E	SEYOK2035725
28uYGhsVlkKdySfrtGkdCi	QZAPG1713689
29kzg80MV0gBrrdY2fFj9d	QZK6G2230927
29tHcHSX3PWEcdp1zBha6B	GB9TP1501931
2AKXYE6FPUWKAhiioxJWOz	QZ4K31600362
2AYS46aVNyzEG0nsWwr8y6	USWB12300769
2DVVVLfWrVswoJYKOaOmMP	QZNWS2165452
2EmVpw9DPmFI16UAqwB8nI	QZNMZ2242720
2FLShCumvtlaDGHKrH6w2u	FR2X41601655
2FWrJNJE0X7au49i0EpgCo	GBSMU4764838
2GxrNKugF82CnoRFbQfzPf	QZJ842400387
2HubXiu4yRdqaVOnjDShmG	QZK6F2363080
2ITYYmWIJT2NeGyCfgMZmq	QM6XS1704801
2JgT2bCX1KGPJDYZU2Xqt5	TCAGU2325404
2K7xn816oNHJZ0aVqdQsha	USSM11800523
2KgKueU3p32eSnqdUfqWJj	QZHNC2178337
2KrTmfYViotyQBTbxOJOLZ	QM6XS1704799
2Le4R47s0PyT0oWcD7qifb	ushm21887901
2MHQTJmaAQ8mC4DUBcq2Hd	CAAA11106801
2NZ8fAsXfNXuGwnTdoa8FW	QZK6F2285926
2Nac4pGLIiXjLyo7lLDK4R	ATR981128713
2Np4c8DYpNZMLu7b82r0Es	GX5MX2214554
2O1eUJ860p0KTaU1wMws3F	SEYOK1644734
2O5E4CEJbB3lDszWjw2x4z	US2392351642
2OzRao3wILud6BTrsT2cnI	ATR981196745
2RLMuz7vCUnazbchkjtGCH	USWB12206646
2RtQswPqBknQLkXiA8fX4I	FRX872506717
2SzgiyJM5k3MUeSAXPF4Nf	NLX5D1800001
2U3gNBf6enWhU6i2Vxul6I	DGA0P2446306
2VQqUqla3QTNtnAdCgLK8b	DEWG82500145
2VUr6eUXJV3Aw1PUDmrbg3	QZK6M2197121
2VZHxCYKnpxwZRVq15e03P	QM6XS1807313
2WB7HV5D4bRfcmsqyOrdDf	QZES72282796
2Y7kto4hxS9EwRnJorxMuz	GX8KD2346041
2ZM41BuWgSxnZILKeBwA43	QZK6H2365800
2arqy7Ww3w4rD6oEsHpSUU	TCAFT2137684
2axWHTKyKil2Nqftvsqo8P	ushm92262502
2d6nzLxBGnAOeBflgw87Bd	QMR6U1500042
2dDSxnPTYDAUpnjxGnpglR	QZHN62040369
2dYvfAl3xbopnN7Fm0eJFT	QT3F22567748
2eh0C9NKkHnSyn9jV6rMdN	TCAEL1922925
2emZx1XCX4Cls2mvTBKbF8	QZTBF2408634
2etXkxlwIPZyFLfUpfaFHO	QZTAT2218180
2fJ95EFcYTUY43c9i3XuKT	QZFYZ2344764
2g9ufDjBJhPfP4rnJVcNwW	QZES92193014
2gFsIO5QAnTxpvgceWnlIi	SEYOK2123180
2gpLWCZBIgfLs0yGOjrM3G	QM6XS1807312
2hb8ujduo2Ve0sMXCvpdQR	QZES72282792
2iQ5UVxkcCfGZ6vLd4q8t1	isrc_notfund
2j7Mguwj1HRjmTZPVu3ypZ	SEYOK1727170
2kl1rqukxfSnQQC1B6SdB0	FR59R2523423
2n9gdFPAmepUnuE73khokP	QZTBF2560578
2naVfDXfwpMkftwrr6GV52	QM6XS1807315
2oBgQvfQdLcw555b7iv1am	TCADN1840849
2pKZIJKBShKKIiR5XF6auB	QZFYZ2493522
2psvVPVllVAmzyLO0CVXf5	QZHN52432414
2ru0OaqYvJS8yXMMsZZWcH	DED621900009
2sNZg0tXxXDAIzQlqVVjQR	USN681610101
2tpfPi4qSamU9EX5Q8FnNi	GB9TP1501926
2uRUyTuvvB8mIzgbC3DvI3	GBLV61930639
2uVpQr87524TioC9YwC1GX	UKFGV2300237
2wyJJdRfduBBlajANLriZX	TCADG1794574
2xql0pid3EUwW38AsywxhV	USSM11800527
2xvrKn7OlO7fFnDJIDOOs4	QZNWS2165453
2zcqzaxqAzvMQUgYG58jpw	FR96X2193714
30dOV4qm6rrfXjoYQYfOh4	ITFRN1800229
30pfOf3OkAHXkcC8A3iKjE	QT6EA2563842
30zT8r524Be5bx9DJgNv60	USV351466786
325ZSqJnyHg6SNUQQZamVb	GBUM71003565
32QyClK58UyvoBrbzTVhk6	QZFYZ1996382
35N1yU76db6xGJVagNbEPo	QZTAX2380622
37BZB0z9T8Xu7U3e65qxFy	USUG12101839
37BtmWEyIELaaWDS7zKK5y	QZES62170483
397ygIRukaA4Ayvf3PfXQ0	FRR641100014
3AEihiZPC3ZsFcuCUi8iu4	QZMER2107544
3B3aHEU5q87h51BcT0PvdT	US5NR2231701
3Bd2WMsjL9XbMQeuzBSN1t	GB9TP1700033
3Co3WY9W0ajP145XcPj85l	DEAR42145302
3EB7g8ttYkBjQvr5crwdAQ	QZMEP2102837
3ECXjRnXpSMKXskP4TLsTA	DE0021511908
3EO1u8UwEJ7ty8IdGhih5h	QZZ7T2411782
3ExAcX98bhlh71IBtdpTDV	QZJCP2100142
3F4QJjFJ2JZuSh5Lp738kG	QMEU31913732
3FtyCp2yXjV20MF7fABqlZ	FR59Y1700020
3HHmBACDNU863h1YWFpWQO	TCAEZ2033687
3HhIYATmdb4z8bbspu5jzb	QZES92193017
3IDeSisz1MFegVkT6fFA6d	TCAEC1925501
3IpRzXC4Q8OZSkGxf7A3dt	QZHN52334837
3JzRlW6jYY2BZvWBaobv9M	QZMEN2188933
3K43YhP9k1w3zzzEDXMvpS	NLX5D1900001
3KSxcXKeeKBioZETh1p09Y	CAAA11308707
3KjTWkuWCZ7Ge9H7qh0knC	QZES71922203
3Kkkkc8kaX60YnQHV4wupk	QM6XS1807318
3LcsIkwy1EdDsgbRvtvtdy	SEYOK1865984
3MWPg0sUlcj80dqvl5vH9Z	USL4R2214000
3MlguQSsgg3uN56DjjzVgy	QZK6H2030908
3NhzAIKp5an584ccblha6N	FR96X2414555
3OiIlQHfvw4cwTYzNH7O6m	CAAA11106805
3STdUdbZVPHIMFs27Uc4Cn	QZJCP1900015
3TvfC6pKfnrBVR6Qc7Hoqr	DEWG82500198
3WzEICRGv1wmyh2dr3HZX2	QZES92193016
3XVYRg8Sl8EcqJiRiTTsjx	CAAA11308709
3Xbz1ajM7VpR2C2Iv6kOlo	QZAKB2006208
3XqTheVuako6YLkm2qLEP9	UST8K1829375
3XriwIsGMb9ZAiXtMszpiB	QZTAT2527311
3Yctfx9mhM8lZbrTWZVaNM	DGA092441680
3YtLPXfMP5BCtbw969ctQK	QZ4K31600246
3YxCJ5Kzgv9Kx1yTgPVXck	GBSMU9297290
3a6LdcL5H0icWKmuepn23V	FR59Y1700022
3aM5faYFYJ6sI7aEodfTUK	FR59Y1700019
3anZR8VeuCdbGTD7OMOWHY	QMDA62107649
3c11MFg6cFSl0z26wo4Jh2	TCAEA1849254
3ccFWDTsEdCiHedL3L2XnV	FR10S2589250
3cddgHTaUopooJ4gKoP4eH	ushm91423384
3dEAzZ5zTvDZCCPPOtUpco	QMFMF2364394
3eaSviCXQq8BCPqRN4iI2J	QZES71922205
3exxAb32lyMF0qVTCrAaoX	QZFZ32574795
3hR4YiJY4fcstxGv1EAKN0	QZFZ62130051
3kMpyZqg0YoVwebkloGfM7	TCACE1540982
3kxkjirben9RVm9NqYa6rm	USUM71415944
3lWEr9ARqZA5K9v9BS26J2	GB6TW2200247
3nJP7siiHkV1dWsnkfYxWm	usl4r2243587
3nMXh9pQqC2nS5OAZrhy9s	FR9W11416599
3oNsBuyCtretMMN3tAExWP	DE0021511903
3ofiQMPt5OZZTzzsCewZBU	GBLFP1140148
3pwz3zha3KTc7dT9NhlHjm	HUB5X1800004
3qmtGjDb52YupFZbx72rIE	SEYOK1865986
3qsrQ6j2c23Yb9K1WkGr6W	uscgh2206575
3rNzpZeChRsNW8zX9AJ23t	TCAGE2260478
3rRIdfhRAtEHqOoAARl9MR	TCAIQ2416345
3rimDaak7WwckPIBjGGojU	TCADL1858814
3rnCxQqS7t2exrkt2cpYBY	QZRP52475399
3ssJ9ac8MMx5LlAh36dduZ	CAQOI2505517
3t9qU7f13FrH9CoZD4Yv8a	QZFZ32077450
3taRJ6KJcZEW7Npts4KdjO	RUA1H1926363
3tepqJMoG9KZ2oyPHC2CfF	QZ92X1801111
3tpNnUzPHhN6kZfHUnoKfV	DEZ651364853
3uNmsVMc5dAh5PtHjvSIKF	ushm92262495
3v1WZ8EFws8p3KFxwHpoTf	QZDA72195935
3whdLRgTpS7jaCDJVX9onO	QZNWS2165450
3x2EA0ZDmE0hl61t7L3q6X	CAAD20500684
3x4oclN8gVIUAa9u0T6TMt	GX5MX2371177
3xFlB0BxwVfncCB9KvekNe	FR9W12465601
3xipekJ7WKUpOmOaquGuKX	GBSMU8717070
412ciQuhiT52OXiin8UW67	SEYOK1644733
41VNFg7Yaa0vgLD77Vdz1N	isrc_notfund
42xl5HtTPAiHNGzUAYC6of	GBKPL1828348
44oSGwyVDkv2Cop7nK0Syr	ITFRN1800108
457Z6L5kHf8yytQUu8bgxA	GB9TP1501932
45LoOThguJ0wiourcrRC2p	FR2X42292137
45wU0gt5K1RGPGqfhP71Vx	uscgh2229495
460WuQ4ZziutBT2JZYDaof	QZK6H2365801
469KgDQaggguSRfxO1oFgT	CAK471504602
46ONYsu9ErNABe6rteOyQP	QZES92193015
47RKik1fxUhA4KAqXyS3oe	QZ92X1801115
48Otvgej9TR0CiTqRJskoN	QZNWY2231906
48cyzDmtOi1kcCQRbJq2F5	QZES72282795
49BOVX1FbRbRbdt7nEdDZf	QZES71922204
4B6qygSI9dQf4pdcqGnfsF	USA2B2202394
4D3FsAfti0WO5vCQX0wqxC	GX8KD2299618
4D3gI6bWEAJGSIwnxvqmoY	USL4Q2328206
4DM3WRu8kzfp5evHQnQfD0	CAHL41302204
4EbIloEgZsTdA9mUxAyk9p	DED621900004
4F8pHw5KznIxc0HWm2B3Yl	QZHN62351266
4FENkwNZqwmE0s9x9kCWSS	QZHN72301177
4Fc1sylN8YraEYWGURPZIe	CBF8B2481469
4GafmHNEpzVO828pK3fv9q	QZJCP2100094
4GsjpgN5cD2QpaXNVfcCrA	GBSMU8717061
4HIhVOH9hJbiH9VLPmgfLx	QZFYZ2232400
4HWC8Ymr2TlkTo97ttMiIq	FR9EJ2100050
4Hu3SIpFMFMJvhj2W5DxLX	FR9W11412620
4ImL2btLQibKfZgYNX6WEn	USA2P2151244
4Isn9476YXari5iQhCjdzR	GBBRP1235608
4JX8kuGSTt3bDhO6ffZqgk	ITFRN1800099
4KK4rYcGgPZuqbDNdRmTas	QZFYZ2532393
4M66Umj8LV4XC9z4O3D5sn	DED621900007
4MkUpYwbLPOArKv8ANvIxH	SEYOK1644737
4MqsTBPbxhJOFGKClScrzJ	QZPLS2224785
4MzMbCqdfgwwvxaODNK3dW	USDY42310508
4PExs7G9Bb5LU9hxeTmPVU	USCGH1585916
4PJj2jMxKsMz23kTUMQX24	GBLV62007654
4Q73GOQ3BiXQ9A7iKx4dbB	QZWFU2482480
4S6b56MLcVz3Pajz1ndNrl	RUA1D1918594
4T1oZ3UAFKbraSp5JAISWW	QZPLS2326897
4T1wYKn1w1Tpf9rB34oGvb	USA2B2058047
4TimKwMIY6mTJXEdSilVP9	QM6XS1704796
4V647HJxZjXsZKQvSc1aRm	QZES71922198
4WOByKUYsbe0KhLyxWrWmM	QZNWY2522976
4WfnqDeMBmPU44BfZ5q1H5	GBSMU4764839
4WtGal2DDXHErGGSMYhyAE	GBLFP2085188
4XyO6NebSYLA0Xvr5TtwZF	QZTAS2174308
4YYRh633hKvd1hlCXmBrRB	QZDA51981155
4YctE020iFzwlbdT4kPKjV	FR96X2193715
4ZW1wSPqwF5QimTk2xLXnY	QZHN92130531
4aRvIJA33kt4DwwbYL6Q6d	GX8LD2299518
4biXCiRp2hB53crjOFUkoP	QZCE61876957
4c3rJKL5gNDTQKziVKwUzD	USA2P2115173
4cPQDRPcrCogtHkF1wLFOa	QZHN62330366
4cpIzjMAL2BdJzKciBIChq	CAAA11117801
4ePBBPCWEhyjiRc1hopOjk	QZTB22309825
4gIBvd5o6F8iA9ftNSUwXW	QMFME2199644
4giulQPnbWihv1QYwJWuUh	QM6XS1576341
4gkSpsiFU0Lsjeitmx4zGK	GB9TP1501924
4gkU1vbQfuQnrq6i6otw1o	DEWG82400180
4hCqBV00eaEglyWRPpQu1s	FR59Y1700021
4hPTbO8F3zfsXPZdXIsqMv	QZWFV2435562
4lSHzVYhuNxwfIpEAosCrb	FR59Y1700023
4m4UbdAcyOChm62vGj8PT9	uscgh2254746
4oo2Ou3oyebDkxifk4EHW4	QZES71922201
4pgkfX49tCavliTit4EhsR	QZAKB2135007
4ptHfGaNtWIJxlMoHcGgjM	QZNMV2387094
4pwESI2zGarzpMHgiO2duU	ATR981206503
4q1wzYBKAHuWmtXZhBXhoH	QZES72282793
4qNSNOCmxqHgoDYZ8zUdgp	CACWV2521635
4s2JGLY3tPJiVM7GCq24Dt	DED622200013
4s4Un8Agl5RvI1PMJ8j917	FR9W12103774
4sKRqBMzt7yU3hQFRsm4Ld	USA2P2151242
4t138x9zxiCW48iVJ972He	SEYOK1501131
4uekHnwuhkAX9fMqJBlS0b	QM4DW1615731
4vKvUyq2Pv9qoXuNkM2wPZ	CAAA11106811
4vxgbtwNwpC0QJUrEom6zM	ushm21523609
4wP5tHzyju2VCXaAFnndwy	DED621900139
4wkzcAPyDj1avGrGePagzP	QM4DW1615749
4wmHECRyCCX2r0RGuXtN2g	ITJ501602088
4wo2FC3qqvi1gDKJZg4Boc	USHF31206301
4x14D154LPjxTIn0Li5kiF	DEBL61800113
4xm0BSZvbKMLPVRPwA2chF	USANG2513631
50dfyHNrn4c8hXssVBsdcp	QZES62316277
50ftMorTNmzvGtwQO6APnM	QM4DW1615747
55Fz7ZINoYuh25fXWEkR3W	QZS7J2441174
562MxJXpLx6fxTSnmDo4K2	ushm92146944
578mjWgXBdHd1kla0SNk1O	DGA052428723
57JngOmqdR6zI51lmDdBka	QZES82285048
57Nez0yOaE9h7HuPObxDJP	QZMHP2079661
57r09QLkS8GTwbYNuFIs8d	QZFZ62130054
58qOvYrcx9WLdrLicDXtOM	GBLFP1052065
59JFyjbLJ3mgDVZvYAaZ6Q	SEYOK1727171
5A5jWLEKAslp7UT6brtTmL	CAAA11219502
5AWkodMAJMoXU2xhL4eeuV	SEYOK2233453
5BPHR4E1KJXuCfy159PIzp	QZZ8A2418433
5C25UbDGoB9pgvqFlGfS9A	SEYOK2047730
5CSAk7VgBVuUuIqGsUm3oY	TCAJI2584632
5DJW4J1nofHSPPURKX9dCm	FRPZ92105240
5E30LdtzQTGqRvNd7l6kG5	USSM11506747
5FxmIsel6qhu1dtFmmDXXG	USN682330701
5GcEvCJs3gipjjTZNrX7Xq	QZNWU2047336
5IQ1lVitMg6YCNAH3EgOtL	QZNWZ2399395
5JwaphAXyuQwuQpQfpMFA8	FR9W12127668
5KrGhz3AY0HDGCkfk4RbIG	QZK6J2223427
5KzYPziILXOr9Ww5r4PIDM	QZES92065280
5LSnsvpr8slUHMn6PzjWxE	QZK6J2012817
5LkfhLnnBXldbyH8devezC	QZWFP2348471
5LuWowQhMYilz5A12WHlDQ	GBWUL2034056
5M3G0zJBIhpTgbgpuUvV7X	QZZ8A2463170
5M4ObEcT74nAgcUp2FH0bY	QM6N21704700
5NhgbKPPAfqysrgNtap1sU	USCGH2036755
5OHM3BTnQmVNzeZEdZ2MYy	QZFZ62130052
5PCkHWRlJ9QbNRtOyAYAI0	QM6XS1705192
5Pg5e21uXZEtutDQDWAuYz	QMBZ92438849
5PnrDnQAfEEufS8vQEP7Pi	QZHN51957102
5QmdK8QFbY8TLVKPuJzexD	QM6XS1704798
5RBOcBpJXaNnHCGViJmYhh	QZF8N1986577
5RCubQuK8aNJ0ND8CKZ1Yd	TCAIR2499204
5Rm1BFYDCxAvavnDiZhCwm	QT3F22582213
5S25Rkxlf35pdqIK92WLmG	uscgj1863847
5SBzyqL5xK6aZ9VLWp2isl	FRR641100031
5SuGE4kLu4gfrn9MEVckom	QMFME1583137
5V3teLKC6dVInImvGagd2c	QZHN92388715
5VHZ1LbPv8cFFxVeStnalb	GBSMU8532184
5VmAXABwtmOPa032hwPzFc	FRR642401960
5VwCQ1lNMU1Du7NWTmhKEC	SEYOK2222715
5W2VZuSWGWkKp6g6X91390	QZDA52297874
5WHtQbyYofSc40kDk20Bz0	GX3Q92032103
5XDtBofM2ql0Bo7rGgN1Ru	GBSMU4255951
5XMYUXh0e8B5LiDV7qQ9LL	QM6N21827085
5XvRng3X26Q3oGMEoFKsWo	GBJGV2500302
5YV2ZcrB3Ck69RkFFXpmCl	QZMEQ2300945
5YkUrvkjrda3DkJFtTF0hP	ITFRN1800096
5ZTd8bac69tY3TYh1i4oxH	QZFP52051593
5aJ2gc2Hj9f0O5sfPuMHcH	HUB5X2000001
5bBQomPoWPG3WqIVkqioD4	DE0021511904
5bCIZEh1zBUnVQO8TqoqSc	FR96X2526434
5c5LFrdYFQSyb5gIUiVCY9	CAAA11106803
5dx79Ol0hSAtThFD6d9lZP	QZES61967588
5eOMtsu5okb1yFtlBqAIn7	uscgj2039857
5etaJW5AlBtN1OBntWAYDX	QZFYW1910600
5fDMSpzfBXxeSNyns7CbH2	UKFGV2300234
5fFZNoGeOeweTwfNUSGjOz	QZHN71974197
5g2bhrSwWeInhJo3PaVOXC	TCAFZ2291868
5h7ilDVENTYkyNPzsahSjS	TCAEG1987083
5huNTIuBNIbV6CZuJnHbz6	DEWG82500131
5iEOCpoeZDAGae1IycuPxh	US27Q1841704
5jgf6wmxXDWo8NPAz6tC0D	FR96X2193728
5kWbmJzK2LYNLhcs7DKR9e	SEYVA1100103
5lRAWSIYI8dhVpnnu0UXgW	QZFZ61952336
5msr6oPEDoUAhzSkqVQF6d	QZES51918554
5n8koAvU3u0IOR01yEmF7u	QZES72223846
5oNvTnbgAgBg6qyMkL6YOm	ITFRN1800227
5pclDMr3avNjXqIKmxHHDy	QZNWZ2168841
5psm8UsMPnZSaZjTSiWU2b	QZTAT2571452
5qSIJ2Lg8Pi8ZukHIk8HdW	QZTB72328807
5qeBXx5teUlW7ubcxaz3Kw	QZHN62330368
5rxBNUTNVBatfbDcBhjRXG	QZHN42237029
5s6DTEKvV2Ne4iSAqUSRdK	QZZ7S2466973
5tNcsLSJFl39D03QzLpa2L	QZHNB2183916
5tgvHEXMXVl5US6dv46EN9	QZNWQ2066497
5vQYOfxIF6TJtAjyZQNjPz	QZK6H2003683
5wY0LvOgDOnIyws4P2o6xN	QZK6J2071506
5x5Qpzt4ts3VBlKLhSzwMa	QZNWS2165449
5xwoshzyLfSD8zgSUqMarG	FRPZ92105260
5ybk0RVtJLh63xcoMyLoTQ	GBSMU8717071
5ysGxHsExuwhdokPVPbm5O	QZES52092675
5z1O50DDR8nZedjM7RFDK5	GBMA21311731
5z8xxXynYYyQwz8ICrMwxn	GBSMU5925841
5zQGzJh4O8tbJeFRO7Dl0K	GBLV61930643
5zvE3TmlZAhMIRNainX6Dt	TCAGE2260475
60dAUxhDH30xoEczi0hh3R	QZDA42547055
63VdsKrSk52m8QiVDnzkFY	FRX452555506
64eo5QG88w9Izz95p7pIjw	QZAKB2104570
64j1cFvasbmkE7Qb7c96So	TCAFA2073929
65TsByMLD1lS9FvL6dc0vc	ITFRN1800102
66N4v2V3UT6kSmnWbEw9fh	DEWG82400144
66klyEVI63jTTqDd8wJx5s	GBLV61503411
66m9ILXRZblelf85RhT47S	QZCE61876961
66niGDZcRanwoLafhSrjGJ	QZK6N2083113
68WoQf05dXAcnxTTpWuu7s	GX4R52169877
690hh7VkLLk3Q0pdAKHu7F	QZ4JJ1706726
69KJdmmh75OrQnj5bFWt4T	FRU661810301
69cGlmgNyMf2K6AvmLBuRD	USWB12300604
6A4snFb9miP0qntHu1hOsN	USV351466790
6Cs5eOz95exbIfDztfzVnR	ITFRN1800104
6DQE7Jc0CPDAaDjC3oAIIC	QZFZ72254539
6EhvKB4Z8IiJ5kU1n6j5L8	DED622200016
6FLGNnFWEAtjpc2jJXyz6n	GX3Q92388995
6GQSSLqpT90ZT5XJwWm8UA	TCADH1740142
6Gp7OIBVSA7RPGIT9deanU	SE5751979427
6HzCX1yXCWvz4d3J5SIIBr	QZAKB2447565
6Ik0HuywnpztJZZnUzCKWh	QZCE61876959
6JKE5aunrxYKFzMIEybEER	QZWFS2427776
6JcsZvG8yVlXK08DUEUR86	UKFGV2300233
6JiECc5UDbbordlqMIwpb7	CAAA11308704
6O7wrH7ZLw740tIGFdRvab	QZK6L2136325
6OkGWya963j7Z7POMKIInT	QM6XS2001157
6OxtMcKhQkW7XF8ZO89JA7	QMFMF2213372
6P299TE6lJYmRTZgziWjL0	DEWG82400191
6Q5SeFlbbflBCuXciV6Ln0	QZTBD2331822
6RsVX0mODnStgYJAExJhW9	ITJ501602089
6S7NpllVBx3Io20hyOdgJv	FRPZ92105250
6UGxqvEENCQOoibqp2m7Wi	ITFRN1800231
6UNIv72gsSDnKlYpbOOpfl	RUA1H1926361
6UnIM3M1zcB2lrusfLzmkW	TCADP1844903
6V6LwEkZtrRXVZz3Anm6WL	SEUM72400701
6VumsC5CxJFnxkTn9EwVqw	uscgj2039859
6X3M5CllCtAjKVkL3vnqlQ	QZK6J2276152
6X78cmtu527yTDQoJ0J5sF	GX38U2364095
6YcSLSXpz3C58f2I6SeiLy	DGA0P2387908
6acKI445PaAiU8Nuvcld1E	uscgj1421539
6cc6sZbewgNkIgla4LXY0K	QZCE61876962
6deCXD2dMUbs9CGnZWXaDW	GB7QU2000255
6dyuEB84ZgUMcBtDHN4DsI	QZES52280511
6e3OjicPkvL7ZqRqZkpzia	QMBZ92415051
6gttE9ALemM1SCTRdwWJjh	QZ5FN2549741
6hKXIZg3WVzm0f8nayZ0ZB	FRR642401468
6iIA1xhpBb1OIPlIVTdfk3	QZTAY2498503
6ixIm5zFce8tLMFXwQsYMO	DE0021511909
6kfBsHeLwrLQWoG4ScOTm2	TCAEO1939265
6kxAW2tRBFFOvvobbUW1wV	QZNWW2461749
6l350YT1s2pjWpPToILkY1	ushm22166133
6lL1onqnoVOVa4Yc6xWuhI	QM6XS1704804
6m1m14hNcJa5YtCzi3PX4K	TCAFZ2291866
6mCLIKbfSc4R85Wtz0IoM2	SEYOK1644735
6mjtwitjVckuANIniugDDa	USC4R2444161
6mr7qHiCCWTK8Jpnt5K95F	CAAA11308705
6mrGSJoB0zYOvOiZBgkXfH	GBW231400034
6n0Zo1xMVilIduriHnJl6z	FRDRJ2200640
6o4P0xfYQwtI66ziYcWrvt	QZMEM2094013
6on4uC89uWFi6PuKZe90VM	QZDA51981157
6qGBFfIKIBh9nRUsRXIIEX	USA2P1934688
6qSr1z3CqdKA9JcgvX4zZf	TCACT1622839
6rQWoTx76KOYUNLCxGu1P1	QZES71922200
6rl4iiNWvHkY4k4DSMz8Do	SEYOK2014730
6sslAwiFy0gogCe2yYUdnO	NLL560801594
6uDbQU8kY1QEelYTRYmHFr	TCAEL1922924
6uYxrL0jk3KQOXhBw2xlTY	USQY51782710
6vfSsZEgjaoI4P0IRtoyUB	QZK6L2286009
6wcUrz9nvDmdFxhPn62glh	GBSMU3965821
6x5cQtuVKp439BvfDJYehx	DE0021511907
6ywQNggJyVa36eDqfFlqbd	QZHN72350246
6zepwAYATlopSdirRcuH2W	SEYFX1801701
6zmRvvpuHC5oZV246CMxDN	QZNWW2591779
70fD99yusLytLd5zMfNzwP	USA2P1912061
70qpwK2vvPhPbXE8PlD4d1	DEWG82500180
71QaSt8styoSuQhCIkKNzW	FR96X1905540
72OI2uQwj4pHetYlCplkSi	AEA0D1846140
72gEM4UIXS02PqQCVlNazA	SEYOK2327264
74SUn8w4lYSwgOGPvVZiEo	TCABS1372916
75IciypxQyknfRDMiVbm8r	TCACP1648171
75lgYxk3wB4elm0birw3uc	QZFYX2064857
75nSW8GPKk6rHo35ZOvo9A	QZES92555462
76TTtLUHntJKQoL1AibpTQ	SEYOK1545863
77zgYOGhtoSc8IBFkNpnlN	NLX5D1800002
79jpwiOWLzaIst296t3B38	CAAA11106806
7BOmp3FxFrTqRP6drfKV7U	QZK6F2444387
7CH6vHdmKWcID19a9b1Ms7	HUB5X2200001
7Dho2741Ilq2C3rNlsrYTL	QZAN72000022
7EsEklut7HmW49n9Ebhtqz	QZFP52051594
7FD5hjBh86FEfE3ZvUu12P	GBSMU5925842
7HF6RF9TxjbKzeYBZrT8WZ	QZAKB2006973
7HMPSmje7Q1wu4XvfuvJZp	QZMHK2227046
7I3s7lchaALVV3zuuB5lU0	CAHQJ2108505
7I4V9PvxFzBTdNdlkoBCvc	TCAFA2073932
7IQ01WdwsBh1Q1u4wekoJQ	QZES51959393
7ImDK6cahdEFf5A70IaHOE	RUAGT2333258
7JdRGQp96O0gEXqqhVcGhm	TCACT1622774
7LIH3GMJBtFj3CyjQING2n	GBCK41200074
7LWHALoZVq6jltqbCM3OVY	CAAA11106810
7LiDJsrISFu4AGnZymGneM	QZ5FN2053080
7MJKdMiv5BnRH1WYYvhKJC	FRX281737666
7MsqqY2RH0SzpLC0W4CI4Y	QZDA61924901
7a7G6UxSuYRF7kIaCPAYRT	QMBZ91722690
7aaXgpLWz6o1ttJaHH8Fwz	uscgh2254744
7adw14yxDT0JMPWJH7m2l9	HUB5X1900006
7aedw23IK5CJeCrGQxn1IC	FR9W11416602
7agaJyhnABFh3iIj8z7kTt	QZWFQ2505877
7ahMnMstHjcFYG5k12x1VB	QZDA51981161
7b0NZN7OMfzBYvOw12G4G5	GBCKK9606801
7b3YF30p0ghFL7LykwaraK	uscgh2206574
7bSj8PrHQx4hW0Z8rut0EQ	GX3Q92032188
7bSlZsNt8Hp5rwCTBiPhEm	UK6DQ1410002
7cBHIzozk0MLTExQLBcN1S	TCAJM2531207
7cIAp4QjtgR0Bxc0p5vfRl	GB9TP1501935
7cK5vQtoYiv2Jx6ltPKqrh	ushm22166134
7cKij0Ma2LFC3kkEvUanDv	ITFRN1800228
7gc1P22QgTmSkEhIIBFJpc	QZES91996408
7h0jBZWxv6hZLzcWJJ2KvB	TCABS1372914
7h7DK2ZHIe4w0id8qkNqla	QM6XS1807314
7iDE0yakr4mNl59x81x02e	TCAFT2137754
7iQM3uHalxTDWF9yfnLWUY	uscgh2254742
7j8A4hSFswmfvlcZJgz1N2	QZWFR2359039
7lcnhZtgTJSi7P4cNsT0X6	SEYOK1954541
7m523YFWB8812Qwx6VOjVD	QZHN61924481
7mQ20wIKA1WGuvgMtSBl3D	GX3HH2301958
7mTjTBibzUZHM4k5mPMtV8	QZ4K31600365
7myCbWnxSIxjtOmdaHc4ja	FR10S1898364
7ntsBrxVsP8K3KDHXNKOq1	QZHN62080896
7oXpZQV09PviW0rgbb3Nmp	SEYOK1955713
7om9kO3jqzqhiAiFLuL7xw	FR9W12006138
7p2BdurcyKv1PxHWP97HGk	SEYOK2014727
7pIk697VbguiepYdRzU4ms	ITFRN1800224
7pMUpISSQmEeFTBZy0CMmy	TCAEG1950261
7r882jHFzYGK2iNfp7ImAD	TCAGG2234842
7tj10pVGU1N4Pr9ZTCWy8L	SEYOK2104161
7utwvOOn7xtDeyU8TZ2dws	QZAKB2534349
7vpBHClcHcOzAQNv7RhX9Q	QMEU31913736
7vvultYHYCuFk0AJWa5c9O	GBSMU3965819
7x1vOvfRj1NkoaMoAFlwxV	QZTB32341012
7y2hCCrlzfOYkfq8jRQ8Pw	QZMHN2075277
7y5rBxAYXozKHQYeWNN2wt	BEN582300457
7yzNPyUl2lrFPJKup1PaR1	QZMZ92202865
7zsJZzbABH9mOvg9biMlXZ	QZDA52590884
7zwMzXWgZsKPWhtQ20s111	QZFYX2367081
7zwsuxeeDjBwA3HgbJsltQ	ITY862500138
